run_id,status,final_lat_deg,final_long_deg,final_alt_m,max_mach,max_nz
0,SUCCESS,37.36153016807635,-115.7832905744098,15127.366419833153,2.417640523459092,0.15281340941351093
1,SUCCESS,37.36332814759557,-115.80015696448199,15122.77763481345,2.4162434536339075,0.3344079647090252
2,SUCCESS,37.36515019216309,-115.77529736922271,15141.680136623792,2.3958324215234112,0.16758621283772512
3,SUCCESS,37.34715081085185,-115.78992283673615,15244.339248367585,2.417886284732019,0.27252093226723473
4,SUCCESS,37.36291428854118,-115.81073435283308,15081.902193136513,2.400505617070259,0.5445394209316408
5,SUCCESS,37.36162997430973,-115.80224417254915,15068.28571228031,2.4044122748692174,0.2853129807729097
6,SUCCESS,37.375819350668316,-115.80671471160909,15069.71675339248,2.39688216326824,0.33046771346910925
8,SUCCESS,37.36805604405702,-115.79132252247855,15454.1727435207,2.400912047166728,0.29373524345609225
7,SUCCESS,37.353580068411546,-115.80080496806754,14921.575530452654,2.41690525704121,0.41108492643996575
9,SUCCESS,37.3654988659838,-115.78445309287726,14819.031159191392,2.4000110855440395,0.31741382118241834
11,SUCCESS,37.35138460683992,-115.80417555004108,15168.403967049904,2.417494547415252,0.17927958959624044
13,SUCCESS,37.37417038183005,-115.80766547558997,15107.988694781438,2.39287609337934,0.41210604610168755
14,SUCCESS,37.35433765108837,-115.79088524981938,15029.79254851304,2.415513391110509,0.2652977258676558
10,SUCCESS,37.36415048804237,-115.78702687927156,15053.863543682732,2.413315865041306,0.28507859089403853
15,SUCCESS,37.35755535949071,-115.79720851327738,15112.665998899378,2.396876715182192,0.20957724006454756
12,SUCCESS,37.354503885438014,-115.79518401346664,15948.761244077235,2.4047298583148993,0.13442331498395976
18,SUCCESS,37.36767620463435,-115.79364065756735,15224.429743951187,2.400794284435971,0.3295624543184211
19,SUCCESS,37.34441801546354,-115.79446848802613,15216.41851204075,2.402210032624575,0.3007883884137035
20,SUCCESS,37.36478086683566,-115.7964328966059,15028.387862724252,2.4088389311267533,0.3345212609275946
16,SUCCESS,37.35278268454207,-115.79679926877839,15937.98963168636,2.4012794872113394,0.08741740750230736
21,SUCCESS,37.37101845462405,-115.79799355047145,15147.88074151706,2.399480357507565,0.17299373320829436
17,SUCCESS,37.36185203663666,-115.80353358762646,16154.385967880487,2.402762658900213,0.17747264011405814
22,SUCCESS,37.359735791503866,-115.80054778975725,14891.450777117163,2.399080500801189,0.12648071735273567
23,SUCCESS,37.35638512747498,-115.7926592274765,15109.045561064035,2.4066698805645927,0.22338443086603596
24,SUCCESS,37.34357111312128,-115.79811311191592,14943.980559893884,2.4132921217237366,0.39727186145159227
26,SUCCESS,37.36106921492111,-115.81214505624969,14825.282483472489,2.401959932116657,0.4403482717092612
27,SUCCESS,37.36544546159524,-115.79554194093815,14996.918678748421,2.4128560541528112,0.332211422629792
29,SUCCESS,37.36773255070749,-115.80758923766395,15210.538251005113,2.3958251787370988,0.23269013881682968
30,SUCCESS,37.37534224522622,-115.79982283386259,15323.675307556987,2.3873594733517525,0.22353844847166499
31,SUCCESS,37.352378762940795,-115.80015513114361,14993.514333489351,2.3958524278574225,0.3451478891408748
32,SUCCESS,37.352572053424296,-115.77725505834434,15180.613294902258,2.396511055490805,0.7038884418794019
25,SUCCESS,37.35130142948163,-115.80352719335134,16270.262923617847,2.4022827308966606,0.12317717130178653
34,SUCCESS,37.36460678808367,-115.7943112226346,15131.13673805166,2.402438351006489,0.6341593634374995
28,SUCCESS,37.36309685713901,-115.82450186362045,16556.434810381383,2.4044633237787005,0.20488585924304323
35,SUCCESS,37.35987404185926,-115.80894545142999,15185.808063406497,2.3811026328978047,0.2687862002366065
36,SUCCESS,37.34596174085165,-115.79718518171724,15158.801347188652,2.406764132655484,0.7017630596672233
37,SUCCESS,37.36519895236061,-115.786036920822,15277.320496886969,2.399455363876962,0.2629186253230719
38,SUCCESS,37.35493530553699,-115.81626906325666,14984.095597018488,2.4100870564806334,0.7435000552136644
40,SUCCESS,37.3599180904007,-115.79346033612546,15049.087420798838,2.393924523030917,0.2639039025342093
39,SUCCESS,37.358278431527715,-115.7939061459371,15020.974006188102,2.414048395660293,0.35511036755443576
41,SUCCESS,37.35377792068965,-115.80946077770534,15040.47677084338,2.3972928767705763,0.21712550151427742
42,SUCCESS,37.354952192313924,-115.80186043530094,14991.654701173306,2.404967141528668,0.24950483616249822
33,SUCCESS,37.35799971867877,-115.80685580712611,16049.44587523304,2.3968114649489185,0.0902865984642926
44,SUCCESS,37.34987215399495,-115.79840252292071,15240.178554050624,2.3924938528275663,0.2644468624500822
45,SUCCESS,37.35943385576018,-115.79659044403513,15073.260237490758,2.400263747728153,0.2117100688654357
46,SUCCESS,37.351441944441866,-115.79854425739636,15345.27764295414,2.405848758399329,0.2429371563779164
47,SUCCESS,37.34549945898077,-115.78939013675037,15173.188993312418,2.3915199052409695,0.2749704856079066
48,SUCCESS,37.382651025592644,-115.8115243491705,15017.175181036815,2.390063686802759,0.22468322881308694
49,SUCCESS,37.359096221956406,-115.7828466700795,14916.172163952142,2.38956840921492,0.4283343070277096
43,SUCCESS,37.35696649334065,-115.79508372764282,16072.502417972311,2.402573999253447,0.20665485747212323
50,SUCCESS,37.361285937348995,-115.79249137352421,16137.857469326816,2.384396478913163,0.13640317215210798
52,SUCCESS,37.35252182159771,-115.79124689279887,14683.370494348928,2.4051947584071978,13.191317046179876
51,SUCCESS,37.355289288208404,-115.80609131615219,16192.63911699038,2.3970949682665132,0.09917895972287383
55,SUCCESS,37.375681633889855,-115.81120833072521,15006.794307345524,2.3837626888517414,0.27386514274034685
56,SUCCESS,37.36629755823964,-115.77903266161233,15147.622532903217,2.3896235682458395,0.2101959691130602
53,SUCCESS,37.356433185259085,-115.80699331503754,16572.266847738996,2.4020586486685063,0.08545306524875826
54,SUCCESS,37.36665314686588,-115.80000858159471,16181.134839275852,2.3814778925538707,0.176583048696319
57,SUCCESS,37.35758367674892,-115.8181392135308,16421.74439729657,2.398689478426531,0.08735110183712724
60,SUCCESS,37.34971223389233,-115.80612461234738,14902.050467994064,2.3907822900711357,0.18185311087204614
58,SUCCESS,37.36182900196112,-115.81406820695811,16026.713206639513,2.3923981385382542,0.08419339990265466
59,SUCCESS,37.35488717994508,-115.80522708347995,16113.26456285268,2.3833071647860526,0.13449419207727178
61,SUCCESS,37.3582269937811,-115.79007215499757,15079.612277285196,2.395685044482419,0.41180967838183835
62,SUCCESS,37.36049916720508,-115.79675244782399,14945.35264896974,2.3998767457366785,0.39194672612089604
63,SUCCESS,37.35841049866569,-115.80675605968699,15369.281891906634,2.3786102134659846,0.34347198240434074
65,SUCCESS,37.3615981223928,-115.81106479688485,15276.007522227243,2.3916633517656116,0.20009319354535934
66,SUCCESS,37.38965555458753,-115.79157200769247,15090.907320474274,2.414156143642842,0.37952841316671687
67,SUCCESS,37.35452282276747,-115.80971006055191,15008.280144480057,2.411285221520213,0.3277075892103392
69,SUCCESS,37.357551771369465,-115.80284891173024,15018.330796529539,2.4091550709853022,0.19595844995834968
64,SUCCESS,37.364419075211465,-115.78403212982124,15910.832906933501,2.4110032293923163,0.09814789600095099
68,SUCCESS,37.36556805340156,-115.79832013854488,15106.398610664532,2.3905552363563607,0.3209423905118147
71,SUCCESS,37.35615950686539,-115.78334655987214,14927.661264526658,2.395693968502693,0.31265022909489243
72,SUCCESS,37.36600677759286,-115.80099621317183,15026.902986698784,2.403185454993095,0.2928886522798131
74,SUCCESS,37.35910824666501,-115.78657065118924,15056.054341415875,2.4060834549351746,0.283143669396263
75,SUCCESS,37.37282004754234,-115.78683804743544,15028.585034730844,2.3929049786612815,0.36936728546686826
70,SUCCESS,37.34375543077001,-115.79639558961028,16337.578113020398,2.408509974083019,0.10436065855051976
73,SUCCESS,37.376847110879744,-115.81530408467212,16376.854949608445,2.405768130513099,0.0819008959246507
78,SUCCESS,37.36591666126509,-115.79761093545618,15018.281549290754,2.4012204613723216,0.14296994171125627
76,SUCCESS,37.363922933305076,-115.80395576936479,16112.910651514307,2.409403013107189,0.10200765088585004
77,SUCCESS,37.36351622910387,-115.78843307765939,15976.02058405988,2.4022444485207552,0.1562548442628523
80,SUCCESS,37.36307917170175,-115.81794745381339,15115.404553231783,2.4189985293601777,0.2456579087382824
81,SUCCESS,37.36280525485537,-115.78402120220096,14888.217967879027,2.3864009965777937,0.397823032564688
82,SUCCESS,37.37034306504661,-115.8050096902468,14956.464942174032,2.40840650402755,0.3421925912217518
83,SUCCESS,37.353903497849316,-115.79631491462605,14928.084158543497,2.4084931288578857,0.27689672507811136
84,SUCCESS,37.36470592948656,-115.77902773309367,15153.233981805854,2.398683877980178,0.2886889833124959
85,SUCCESS,37.36924877836626,-115.80329520493935,15336.468330420554,2.401768507210072,0.2431985221645223
86,SUCCESS,37.366208454969424,-115.80559975474092,15131.240929270163,2.3940371428136125,0.313725580166247
87,SUCCESS,37.34702845513152,-115.78503639400797,14868.72737539187,2.4037237552118644,0.35659082480480453
88,SUCCESS,37.37031803463713,-115.80075387643323,15259.387793025002,2.4010688430384333,0.3479562576557962
89,SUCCESS,37.356832154262634,-115.79248778139996,15109.28013925068,2.3830626997340105,0.20733018843894593
90,SUCCESS,37.378071677101055,-115.78418044258646,15063.760688837618,2.3977551333185048,0.8373233569079288
79,SUCCESS,37.359355080571426,-115.78500964615071,16286.920127319172,2.366836411792299,0.08172115993649874
92,SUCCESS,37.36811310758977,-115.8028951478023,15214.369956259616,2.4023029924200423,0.28306010629722306
93,SUCCESS,37.356961893115646,-115.78590742584271,15171.100611806847,2.41630198080573,0.2259102610298355
94,SUCCESS,37.3588680367297,-115.7981654193605,15174.409985999577,2.4074345321565307,0.42061147097476365
95,SUCCESS,37.393902001323525,-115.81096861267511,14959.72772070393,2.3933571110045038,0.18214847511304047
96,SUCCESS,37.34754412324672,-115.80881979536653,15024.84436039161,2.4006984777448417,0.354048790698066
97,SUCCESS,37.356258468782734,-115.80339584338935,15011.236170293763,2.382488122484028,0.27374297099366773
99,SUCCESS,37.35874149195391,-115.82227972304054,15384.452046960592,2.398576411570766,0.3623095009247256
100,SUCCESS,37.354617458888484,-115.79458264585315,15102.613729655743,2.38250234526957,0.21459924786473478
101,SUCCESS,37.340222577794655,-115.79064837729607,15201.609191693366,2.427068498390637,0.36794386314980904
91,SUCCESS,37.3472698969181,-115.81094295250556,15981.851775620133,2.393938789822652,0.11491971519749178
102,SUCCESS,37.369844205165705,-115.80003609746862,15183.14839880541,2.4166806829529857,0.23016660972958164
103,SUCCESS,37.365148597306465,-115.79974115552517,15098.858209874481,2.3875072164970077,0.26711853711373146
104,SUCCESS,37.36927772839332,-115.80165206509879,14954.451417668723,2.3958178676873034,0.3355922709053084
106,SUCCESS,37.34535185211473,-115.79947457468175,14941.775273954496,2.42164934937238,0.2691405346203706
98,SUCCESS,37.348724236808145,-115.81914259633358,16355.256496352144,2.404737170812657,0.10881601934253161
108,SUCCESS,37.372466022217786,-115.79149823129265,15076.742725541815,2.3897309548852808,0.7447467372261645
105,SUCCESS,37.35400109542408,-115.79954359066292,15034.79720266629,2.3975467433275326,0.30758739346588704
110,SUCCESS,37.34471874760532,-115.80649520141118,15150.061525278725,2.4032859710175423,0.30053659264075544
111,SUCCESS,37.36178175730499,-115.80504232599857,15128.439221802168,2.388661616658075,0.26709058185615403
107,SUCCESS,37.35177783377981,-115.79443929903336,16046.474502654746,2.404939919387087,0.08754446860551077
109,SUCCESS,37.3589092714406,-115.80344199059054,16504.834005165845,2.398122650614135,0.12822103109995936
114,SUCCESS,37.35294708201976,-115.79780524691134,15270.093178986572,2.3997823794751363,0.2662941111571518
112,SUCCESS,37.35563860683081,-115.78958397943276,16046.255719268695,2.4147773081008466,0.2643820710421878
113,SUCCESS,37.36397404444455,-115.79733288151333,16443.7002263302,2.3985001020844674,0.20370392486485478
117,SUCCESS,37.36547255276076,-115.81417580665202,15087.792731200345,2.381718983645428,0.2559025670105482
118,SUCCESS,37.36336347728619,-115.7879991361138,15189.32019302342,2.401146477513876,0.19343505544997544
119,SUCCESS,37.354807515692556,-115.78645617727112,15237.474992897362,2.399924887944439,0.28516079901468794
115,SUCCESS,37.337796671099426,-115.7872262480042,16158.41511288751,2.4062178653373225,0.0879341165497925
120,SUCCESS,37.37291710789421,-115.79216070959728,15201.226696197875,2.401474497715932,0.22488877521490047
121,SUCCESS,37.37667104567547,-115.80981365609003,15101.953534915112,2.397879668342159,0.5552337669299702
122,SUCCESS,37.3448482431028,-115.83000972156466,15111.033263991587,2.4048468014059807,0.18417315759309374
124,SUCCESS,37.350067052459266,-115.79786333871884,15048.000658484176,2.4028847906111332,0.17670253254658747
123,SUCCESS,37.35283222725188,-115.80276126673867,15314.705643239431,2.3891436939663055,0.2601553063623693
116,SUCCESS,37.359310694153095,-115.80389404337119,15930.32890006341,2.385077006756436,0.24997679159422162
125,SUCCESS,37.350725280910304,-115.80627553027767,15150.033399398439,2.393011630566185,0.19341876919868048
127,SUCCESS,37.353712167504085,-115.79450398573883,15172.399137565866,2.3942819051766007,0.31518904203337755
128,SUCCESS,37.35294211722344,-115.80166631772609,15217.281118392013,2.3960000100103933,0.22772936098567556
129,SUCCESS,37.355810522182345,-115.79009139629022,15346.775856124237,2.3837118862204987,0.2394487012209878
131,SUCCESS,37.35300461525013,-115.78594147522014,15135.274314293638,2.404502232112413,0.30479535621253706
132,SUCCESS,37.35863045498717,-115.79464206021615,15185.65747721307,2.394520984863688,0.15869232669407132
126,SUCCESS,37.37481886009121,-115.81943896264559,15970.354453722015,2.3933769459356617,0.08964436232922166
130,SUCCESS,37.36718874326005,-115.8090945610056,16081.57095071394,2.3957243916296007,0.08852665580413507
135,SUCCESS,37.34844662838708,-115.80122090065784,15438.05713914521,2.387351440162402,0.789792081420133
133,SUCCESS,37.36584335071465,-115.80290746431372,16143.007878988981,2.38971193925481,0.21663079732174415
136,SUCCESS,37.3587275835429,-115.808543837056,15170.131126195192,2.3984361455187573,0.29362473046629667
137,SUCCESS,37.36286173640583,-115.80609417225295,15182.220901447348,2.4109077548757902,0.246751419326457
138,SUCCESS,37.3525745392416,-115.8079185823053,15192.783499153331,2.4084034394220293,0.26779656424234904
139,SUCCESS,37.35836273826408,-115.80728331799172,15034.909887047485,2.416477263117823,0.8139877204069641
140,SUCCESS,37.35246849580416,-115.78637921943479,15121.679203440435,2.3953283217870163,0.24495707454385182
142,SUCCESS,37.354222123878614,-115.7950824014977,15098.21748857852,2.401297396351098,0.388878231427185
134,SUCCESS,37.36975491177255,-115.804301579669,16327.339341979474,2.3977568454440266,0.10308278558458657
141,SUCCESS,37.358076007012315,-115.80998646686784,14979.206601991318,2.400453564065236,13.016235133775833
144,SUCCESS,37.35276447377138,-115.79240797492271,15030.96961390227,2.3870142895196538,0.2256335906845202
145,SUCCESS,37.34946266777008,-115.78167999464296,15036.182239111513,2.391713772225698,0.2348612561322765
146,SUCCESS,37.35183215728953,-115.79068375212964,15326.66211997345,2.4239647856380184,0.21315461159887392
147,SUCCESS,37.35990088990705,-115.79772706479888,15030.552130833268,2.4139588044376232,0.3077985215198014
148,SUCCESS,37.34505668406764,-115.7924858938578,15112.380983416922,2.389139145479795,0.35598228789708475
149,SUCCESS,37.35488737822026,-115.80373587681184,15057.546837571077,2.40101809447705,0.722652192519867
150,SUCCESS,37.34578001236382,-115.80460423498896,15038.942033265717,2.3976861675281307,0.39481269121705403
151,SUCCESS,37.35853228690301,-115.7917274317456,15158.036512589082,2.3936326240989634,0.26118322482226175
152,SUCCESS,37.37918627228471,-115.807860407514,15135.6889484711,2.3991964816380205,0.23910807611423215
154,SUCCESS,37.36234215384857,-115.80073173407025,15015.260696080513,2.423120746063095,0.35843164511998327
155,SUCCESS,37.374440357503424,-115.79874906894989,15157.772859876975,2.406243506584891,0.23860050304096114
143,SUCCESS,37.353526633711475,-115.79899195934374,16317.04836629238,2.3916684565851356,0.08295813852393678
157,SUCCESS,37.353828908610986,-115.78613939462348,15213.882838580757,2.4038172022543445,0.2918549159063894
158,SUCCESS,37.368619192212826,-115.8057882722801,15182.443138646893,2.413950130827575,0.2094337448298427
159,SUCCESS,37.349868091054425,-115.80758712252565,15102.164424865507,2.3939107895404343,0.2874083224004382
160,SUCCESS,37.35378570277929,-115.80041575184337,15302.29708599206,2.3950322059572247,0.2657164067658947
161,SUCCESS,37.3673732626997,-115.78602180889293,15147.83179754857,2.3982793759105725,0.2094231603856813
153,SUCCESS,37.36687745827699,-115.78765764963481,16052.887536052614,2.400972216611921,0.0849396442811834
162,SUCCESS,37.37109141575216,-115.81206361679251,14942.447189210914,2.4112459006065405,0.2897653981310135
164,SUCCESS,37.35833831858046,-115.79474677928171,14996.34591720812,2.386243595998684,0.19205072280313654
156,SUCCESS,37.35548372042125,-115.80950639126424,16006.582082970068,2.405849179108439,0.13749005362666075
165,SUCCESS,37.35281885022482,-115.79464026082319,15062.570232565515,2.404059483047282,0.3721559762779808
166,SUCCESS,37.35875449556401,-115.80619895332529,15093.053486759774,2.4087093145561815,0.18864756325316506
167,SUCCESS,37.33754729092454,-115.81973392623503,15000.410762498155,2.3870786153402594,0.8264443075318251
169,SUCCESS,37.36315590888582,-115.8090736934428,15063.51206881646,2.406516520074442,0.24722897319137047
163,SUCCESS,37.36443744103927,-115.79552977935215,16538.264230471104,2.3973327771411777,0.08471513026100935
171,SUCCESS,37.35496066536293,-115.80128315873712,15064.06049311813,2.4079571173470526,0.3890232776275961
172,SUCCESS,37.364163179059794,-115.80837769986479,14907.991511002183,2.411560979261801,0.2862221012329679
173,SUCCESS,37.34746300787745,-115.79925304562052,15035.045328072272,2.4027300658107764,0.32725545728048494
168,SUCCESS,37.3453181012574,-115.77640289665258,16559.774878963828,2.40528953932359,0.13503036168514693
174,SUCCESS,37.360971388272155,-115.8116703164247,15165.766517535783,2.4094879197587677,0.27525840024197645
170,SUCCESS,37.36452189430445,-115.78450376918565,16060.679670052603,2.4003412646219755,0.0958824810199094
176,SUCCESS,37.3495124951955,-115.80621395429567,14887.789926466532,2.388064758019537,0.15242397800323226
178,SUCCESS,37.354963322418506,-115.7973792184379,15044.429732044227,2.3944077405976167,0.254925764475727
179,SUCCESS,37.37200376609147,-115.78775211435375,15029.543283640407,2.3993219476352325,0.305936599778971
180,SUCCESS,37.36933864639487,-115.80363732086931,15123.56095290836,2.3911722085087654,0.2945751452586457
181,SUCCESS,37.37006153849705,-115.8045137321517,15116.38609016221,2.38987919688499,0.17534609819533686
182,SUCCESS,37.36074411572151,-115.80229301287024,14935.625543155707,2.4026416280495475,0.4481414614915843
175,SUCCESS,37.361174378249686,-115.8017343707446,16228.552178532816,2.39364913100364,0.08651172647954308
183,SUCCESS,37.34755831907433,-115.80553321666576,15226.22318963334,2.3989409292270576,0.329408880819357
184,SUCCESS,37.340197963531615,-115.79914890790764,14950.62199825421,2.4000938988843856,0.6227973631804137
177,SUCCESS,37.36369351203455,-115.7863138931617,16010.42687447276,2.41495589241652,0.08600967775697324
187,SUCCESS,37.37203735653823,-115.78990635857267,14943.614302553236,2.413678581082121,0.2544878336221528
185,SUCCESS,37.35613558523254,-115.80963083921567,15988.73888593167,2.4004471179473623,0.09150721555087786
186,SUCCESS,37.362163566117744,-115.79594066843102,16381.434398475103,2.4196101102972944,0.08195229362194749
189,SUCCESS,37.35465977264821,-115.80247351811326,14904.11453522183,2.381172542175983,0.30780620701169203
188,SUCCESS,37.365930065570076,-115.80409003665613,16287.906631715596,2.414751444262934,0.0857897843655054
190,SUCCESS,37.341090303543595,-115.80480784323176,16329.196524182335,2.407096914549443,0.11212235657257935
191,SUCCESS,37.36648157815783,-115.79729875296029,16172.94546117168,2.3834904138172273,0.1992719624242116
192,SUCCESS,37.35674453833512,-115.8102902639307,15216.413190765306,2.393182187210829,0.22943846270493348
194,SUCCESS,37.33929311574784,-115.80021595796838,15251.033762826584,2.4146663692482395,0.2676176814101624
195,SUCCESS,37.356387577030034,-115.80647407150971,14881.03013763111,2.4096968483744714,0.287614764421917
196,SUCCESS,37.3623654560708,-115.78945269861741,15202.35880219005,2.4071873523498333,0.3323721269414025
197,SUCCESS,37.373357670471734,-115.80283114939665,15095.646551661193,2.4032875448230935,0.7785436188967966
199,SUCCESS,37.37609698674751,-115.81994765117238,15077.341330467723,2.4110807148262956,0.7477390199468253
193,SUCCESS,37.36627396587068,-115.80040776848193,16218.488927168772,2.416849257908749,0.09229490112820987
201,SUCCESS,37.35127975448994,-115.79557178139947,14980.096217126586,2.403167834574239,0.2952088749151021
202,SUCCESS,37.35097138851311,-115.80025554477376,14986.085511279292,2.3926412625804145,0.8403602945047566
198,SUCCESS,37.34739433318346,-115.79719152780464,15869.430971332826,2.4046811520890556,0.10782032065497951
203,SUCCESS,37.356585427889875,-115.78898815605255,15196.336647274904,2.396499417686838,0.28529614079136306
204,SUCCESS,37.35110289599938,-115.80504170389882,15113.75894991681,2.398213046448813,0.3115639674330344
200,SUCCESS,37.35322578931485,-115.79221865616931,16301.608484780416,2.3854905175063372,0.1572788643952561
205,SUCCESS,37.37622813843172,-115.80684753069463,15100.578914938495,2.4007147466066643,0.7809231905667474
206,SUCCESS,37.358904865520586,-115.79075674848076,14904.3627287969,2.394377760611543,0.4410182848672746
208,SUCCESS,37.353816219983976,-115.78875954824466,15083.615616214462,2.40108039452603,0.2339275568850311
209,SUCCESS,37.36688640163414,-115.80090485999513,15068.700017601252,2.3955212732112936,0.6807275670080364
210,SUCCESS,37.363870006314116,-115.79406566319162,15015.351653723046,2.397011733499658,0.20880624970098038
211,SUCCESS,37.36507396969324,-115.81195471494028,15194.264501472935,2.406991817752288,0.5482268576249797
212,SUCCESS,37.36663003818471,-115.79770365336358,15105.54566191975,2.402293469137539,0.20155696247429855
213,SUCCESS,37.357786019813,-115.80675257590917,15105.510597188957,2.401348454674505,0.4047109711909746
214,SUCCESS,37.36046329972982,-115.81208251050629,14982.01679166127,2.3986004855824947,0.3017793197521593
216,SUCCESS,37.33826904186998,-115.79732713898404,15297.84603973385,2.3896848538448827,0.3254130466969266
215,SUCCESS,37.35482809178916,-115.78766037643524,14718.019664787687,2.399634601060616,0.2110606539541066
217,SUCCESS,37.380529804424484,-115.79794637476628,15122.783970538527,2.401399611397797,0.2754024663579766
218,SUCCESS,37.37844726548433,-115.79841612944632,15009.071799411438,2.390904576533449,0.31206128595174676
219,SUCCESS,37.35756810050173,-115.80433631218271,14983.781284423545,2.3942863038650315,0.6679915004911793
220,SUCCESS,37.35501788192072,-115.78538589943028,14928.413537634537,2.3867564842151743,0.19134984347915876
207,SUCCESS,37.347424059927484,-115.7971791248645,16429.986341654323,2.3770561776441674,0.08536092803777531
222,SUCCESS,37.36116238203251,-115.80184887700536,15042.130503281951,2.419634250169288,0.3618960020653204
223,SUCCESS,37.363570403857935,-115.79776905887795,15055.57970271632,2.405347745797079,0.32593384631627825
225,SUCCESS,37.3578674676995,-115.7957179711522,14989.084320046939,2.403100102271466,0.8670879133818035
224,SUCCESS,37.34963757494711,-115.80709389938377,15080.169988780282,2.3726644915538113,0.39417234150600367
226,SUCCESS,37.375625197585414,-115.7977018589951,15047.298787920736,2.397037731421162,0.7012391701435694
221,SUCCESS,37.34912153035346,-115.79788630424098,16320.830382459797,2.40522947411243,0.2445901870055992
229,SUCCESS,37.37459104429096,-115.77930809446534,15037.486508974805,2.4026077814971973,0.25003482854677667
230,SUCCESS,37.33863622781401,-115.78168508287922,15123.450617264956,2.4087295589836373,0.13272054426623994
227,SUCCESS,37.35327253931012,-115.78028941277758,16154.20986462105,2.4022026317496072,0.11072722406724257
232,SUCCESS,37.35002721788221,-115.79250490633974,15053.857696800493,2.3883314406717133,0.3353778047612204
228,SUCCESS,37.369918560205754,-115.81677719316878,15754.290937657468,2.4127131471019703,0.13200305757332945
234,SUCCESS,37.35412871670558,-115.7910927388002,14920.262670042925,2.4081879161907573,0.2784926987933904
235,SUCCESS,37.36152346776037,-115.79559269752048,15195.99781849794,2.4004052803738847,0.27696808560541064
236,SUCCESS,37.358256127866184,-115.79963267527104,14918.832935117185,2.4095056181643337,0.5161535306128174
231,SUCCESS,37.357153616904185,-115.79745674288556,16226.333585146815,2.4041794341085523,0.08752853270766878
233,SUCCESS,37.34519323786994,-115.8068137840859,16089.350597191602,2.408813637263656,0.09781606889075416
239,SUCCESS,37.35822862281055,-115.79463720526459,15070.946756349877,2.3923797207315944,0.21273600327494682
240,SUCCESS,37.365120066428986,-115.79573840301589,14838.313332431018,2.3941767266596385,0.33576528216057966
237,SUCCESS,37.358651273319715,-115.78989885830863,16329.770847892389,2.408297432969194,0.0861123132831299
242,SUCCESS,37.352201534836624,-115.79739173146953,15041.926215079613,2.396424805959171,0.2601943903940722
243,SUCCESS,37.34719461721257,-115.823649191042,14965.827267334796,2.4063287626564263,0.2619316586809224
238,SUCCESS,37.363598684985014,-115.79200917933957,16192.030015520751,2.398955214066809,0.1361250532965802
244,SUCCESS,37.3656696652725,-115.80443427472484,15132.760658178478,2.3943744809010687,0.34212959847780494
246,SUCCESS,37.37244205060507,-115.80671124683089,15049.731399600394,2.4087355171116114,0.2274040123119847
241,SUCCESS,37.36508301296154,-115.78904720427609,16452.966904003173,2.41273705233253,0.18160394416616657
248,SUCCESS,37.37650743437547,-115.79750294761563,15158.436522912234,2.398481798651295,0.16140863655426133
249,SUCCESS,37.35742888465212,-115.81530784989039,15017.506728485227,2.414276138814925,0.2331023085807923
250,SUCCESS,37.34907886802054,-115.80127642386421,15029.53206345532,2.392998783952189,0.18301500121502223
251,SUCCESS,37.33341891471348,-115.8000102844303,15147.987816336565,2.392118008232561,0.23079424808898058
245,SUCCESS,37.374699574762374,-115.82096805043645,16159.241363491863,2.397672325789441,0.08324523692038407
252,SUCCESS,37.34911308075989,-115.79927867498924,15244.50342689734,2.399885015103033,0.17489159062414308
253,SUCCESS,37.35402862245691,-115.78616526783289,14960.340453825891,2.4087157287128007,0.2695776980255617
247,SUCCESS,37.350657021691745,-115.80657991900642,16284.525871627033,2.407439130080671,0.19675789969874816
254,SUCCESS,37.35385198546423,-115.79262219063448,14749.202209915034,2.4224419279785567,0.12035407844380822
256,SUCCESS,37.37320349464476,-115.80716005096525,14949.95655713696,2.401043029286177,0.1785916374237987
258,SUCCESS,37.37393954646404,-115.80686408247075,15018.61865383666,2.4024408202732173,0.2008865288517034
259,SUCCESS,37.349729220150245,-115.7882278376786,15141.742489374243,2.393669790307625,0.2255508649188214
260,SUCCESS,37.350390133545964,-115.8053165289336,15099.779300775379,2.398582856926584,0.2215393237274305
261,SUCCESS,37.35939301837896,-115.8124580795846,15154.220667447895,2.39932954806565,0.33814885331888883
255,SUCCESS,37.36274391010312,-115.8098029956288,16265.605927755125,2.3848658813800268,0.1036231000120199
262,SUCCESS,37.35886210264887,-115.79596778523397,14965.305939088576,2.415151456895566,0.34216979489228116
263,SUCCESS,37.363155621766474,-115.79797838845856,15113.608259086497,2.415188843531764,0.8109566684494501
257,SUCCESS,37.360849506798566,-115.79689018984386,16118.669150835834,2.413566083638877,0.15911292887245088
266,SUCCESS,37.362954565418164,-115.79231334385176,14849.833873831667,2.395632214648222,0.37597844102127964
267,SUCCESS,37.37296234441771,-115.79439663003262,14912.481697762385,2.40407669307909,0.3360627930022143
268,SUCCESS,37.35704537539655,-115.81480196252399,14985.26920742914,2.404549223614991,0.3465083556958192
264,SUCCESS,37.356102829171675,-115.7858016364329,16290.587659202516,2.392788309411208,0.0878296714128707
265,SUCCESS,37.36986958289118,-115.79857583709135,16405.79457983002,2.4192962419428747,0.2130528524338045
270,SUCCESS,37.347939032745565,-115.81775916844296,15193.082991435193,2.409518889600205,0.2817960760116488
271,SUCCESS,37.35976761412304,-115.80895253449603,15306.38645728305,2.3859861279589474,0.8496935855756038
272,SUCCESS,37.35662782282223,-115.78953829108994,14982.059275540523,2.405115295361871,0.432757111818027
273,SUCCESS,37.344589112070615,-115.80116920815854,15010.614335999824,2.4084974784702142,0.3212116126844615
274,SUCCESS,37.36180440281648,-115.80302482296332,14838.04130005464,2.4072077487579433,0.20713497873173048
275,SUCCESS,37.3598725847251,-115.79147457961484,14972.894235122949,2.4155459827209107,0.3711192444034619
276,SUCCESS,37.36005039016992,-115.78005707074185,15228.548927345313,2.400077659633629,0.36966524062463396
269,SUCCESS,37.341993022865864,-115.79198497041986,16068.63340445701,2.3940195167621297,0.08183298054316596
277,SUCCESS,37.34313482131466,-115.8009856684031,15155.253012234345,2.379517168879133,0.2178642346671423
279,SUCCESS,37.354870121370816,-115.80806696608548,15258.821459973231,2.3978869137729326,0.3418622702228297
280,SUCCESS,37.36483632167777,-115.7898266097377,14928.76624103915,2.3961745832772348,0.38716621433840703
278,SUCCESS,37.357020498627435,-115.78558712098042,15245.89085925091,2.417130748741677,0.20849950497947167
281,SUCCESS,37.34912355736324,-115.83043941042511,16417.76495847851,2.391397743457722,0.21025692070950217
282,SUCCESS,37.3811958726916,-115.80860928831399,16076.258913000114,2.3868143001314275,0.21416628095613627
283,SUCCESS,37.369928801191115,-115.78099629042919,16135.433962408453,2.3832579950829165,0.10685004642927977
284,SUCCESS,37.38009203562963,-115.81425974675754,15145.602752989158,2.4023892680871475,0.21422749559047513
285,SUCCESS,37.377197398841545,-115.7942839067922,15269.724932030775,2.4116511145449313,0.315039839456613
288,SUCCESS,37.34950742288878,-115.80761865310957,15220.186038650572,2.4175153712286988,0.17631518016995396
289,SUCCESS,37.38403406944424,-115.80301749435338,15369.136042794213,2.401828971711814,0.3176362375769263
286,SUCCESS,37.37073722272874,-115.82449574512937,16243.177023845725,2.395856274493107,0.08801366651615346
287,SUCCESS,37.33763153990335,-115.81232221322858,16111.175366551615,2.404450962776469,0.22186767057553922
291,SUCCESS,37.372225373820115,-115.81355718720232,14986.741453679278,2.402900332309457,0.2697891723562619
292,SUCCESS,37.361241007246356,-115.78637814276642,15003.878920090385,2.3931202863094936,0.3815735645685574
293,SUCCESS,37.352260789649556,-115.79721964086,15174.41806501057,2.405693849850333,0.29121594880467494
290,SUCCESS,37.38518968346796,-115.78924237803358,16024.262459504418,2.3906128670462894,0.15363959798153157
295,SUCCESS,37.35026217627223,-115.79799559266243,15160.853710430674,2.384840055276676,0.3047782218695725
296,SUCCESS,37.36018792118885,-115.77520682392387,14949.347658289596,2.41087426227724,0.27384464247916945
297,SUCCESS,37.36899788277456,-115.78959246166264,14985.455678248778,2.402612775622162,0.46719433277731787
298,SUCCESS,37.35899664003993,-115.7879050043549,15310.145265678875,2.406785641267447,0.1235513745063376
299,SUCCESS,37.35557834107493,-115.80519709314727,14907.094813530333,2.393303654224938,0.14081100457336607
301,SUCCESS,37.348344881965296,-115.79139917734253,14815.594070564955,2.4098688680946045,0.446802194760938
302,SUCCESS,37.35457614020651,-115.80135349066168,15124.538310931064,2.410906928021787,0.17690528230794814
303,SUCCESS,37.35016256673034,-115.79577332377329,15145.406689342111,2.39158439962078,0.2546357307915163
304,SUCCESS,37.377207805897974,-115.79900122779142,14978.221314224415,2.41204264601823,0.41620735451816776
294,SUCCESS,37.366916357833354,-115.79111613683475,16401.714519565925,2.3914531678043076,0.10062253387004871
305,SUCCESS,37.37479606714407,-115.78204487641138,15063.546571303159,2.4019359219307423,0.2888475690453646
306,SUCCESS,37.35242700201388,-115.8027377600426,14801.176057312638,2.3988064997565686,0.47992671958078753
307,SUCCESS,37.342338253402545,-115.78995107407584,14987.669362436049,2.3920242948432793,0.8197340898245091
308,SUCCESS,37.35498079587067,-115.81889952435,15328.822853006423,2.406831918125916,0.3462407423075785
309,SUCCESS,37.35492995696913,-115.8126382128095,15056.371919415891,2.4059545289674347,0.3148928393059069
300,SUCCESS,37.37464659438027,-115.78833543744227,16076.611565348692,2.385148296372634,0.09509871054015019
310,SUCCESS,37.34174045975315,-115.79212263436203,15137.40273399651,2.40535345196801,0.7336352781020203
311,SUCCESS,37.37996861572951,-115.79314749956008,14882.398531539366,2.378029682821774,0.6564001623141319
313,SUCCESS,37.37394051957067,-115.80251966075836,14906.995967973955,2.4018527887068233,0.27485990637332247
314,SUCCESS,37.35695716921546,-115.80870034501143,15190.545292838477,2.4016608543878895,0.21049283048247694
316,SUCCESS,37.365174254717125,-115.80688519973631,15221.662599678151,2.4052545948223574,0.145019352935798
317,SUCCESS,37.36669249182774,-115.79573967816336,15028.754861785099,2.4108433943147705,0.7559021593638708
312,SUCCESS,37.36947828015793,-115.8007228887679,16153.340332401916,2.395989497530103,0.08923873598402851
319,SUCCESS,37.349049727621455,-115.8088317513921,15118.654524997808,2.401782026905341,0.7819817514676329
315,SUCCESS,37.35769484713028,-115.79221167990136,16105.163461249322,2.3852675028513275,0.2045052695071187
321,SUCCESS,37.3583404221185,-115.78422783081481,15198.166625818238,2.4017251946881566,0.5621905740618199
320,SUCCESS,37.35600642195615,-115.78041356858942,15053.221450686455,2.390130825660996,0.42300560330552234
323,SUCCESS,37.35372133591431,-115.79626657669158,15049.566494498402,2.400617746932297,0.7082644416997389
318,SUCCESS,37.35734603755563,-115.81541907668887,16234.038328640163,2.382320722411978,0.11633333688229619
325,SUCCESS,37.35108712489912,-115.78453971163144,14927.11725252401,2.4183073269386615,0.387529939859112
326,SUCCESS,37.354632104042054,-115.80338113068424,14963.057121464983,2.4117474497639764,0.4170501553517049
322,SUCCESS,37.365721793211364,-115.79252311544946,16133.652203808539,2.3892817449192023,0.12517227130967434
328,SUCCESS,37.357894974040654,-115.81041647217909,15067.383241911419,2.3919398630497515,0.25378053220986063
324,SUCCESS,37.3771868361161,-115.80191840782726,16153.534303894266,2.4002274562259305,0.24882335875208375
329,SUCCESS,37.369208887296104,-115.80030606114781,15250.900571788661,2.3808702556801262,0.21199042107482027
331,SUCCESS,37.37730176514653,-115.7966958777012,15094.471844284795,2.390813612529869,0.2247358943809781
332,SUCCESS,37.361355900016925,-115.80688417702656,15151.340048788115,2.4011497280928324,0.3255061071253641
333,SUCCESS,37.357001210830134,-115.81040376672378,15185.024622743018,2.4171718429256397,0.33865834828513
334,SUCCESS,37.35142623824873,-115.7984783747686,15060.007123906165,2.3996842187374248,0.16354290407314542
335,SUCCESS,37.375178435607005,-115.79608362051849,15197.003781316802,2.4046604473677577,0.2729698637351296
327,SUCCESS,37.37841103003717,-115.7987395530221,16293.024514242075,2.4171562171907546,0.12281047676262696
337,SUCCESS,37.35591776331533,-115.79560904106171,15008.396878168918,2.3955329543239876,0.30264083032478467
330,SUCCESS,37.36334165672063,-115.78782299857126,16266.622890730388,2.386464462343077,0.20929255438191482
338,SUCCESS,37.37469036880294,-115.81284355711468,14987.427457547747,2.4016265689581435,0.2832411258104411
336,SUCCESS,37.36345780229318,-115.79557496867608,16200.994295384735,2.409289009957622,0.08372578516226942
341,SUCCESS,37.35615315739756,-115.81068761750375,15023.427526817657,2.4028592946116123,0.3269937326437728
342,SUCCESS,37.36306386623692,-115.79439972024636,14964.476586168632,2.4008814812314174,0.5205842148356518
339,SUCCESS,37.360968050206594,-115.79265224409302,16184.189742226154,2.3892557857759615,0.12568427159928403
340,SUCCESS,37.36034771169292,-115.81162354636182,16186.440734333359,2.379575725958428,0.08226392113822567
345,SUCCESS,37.35000109009757,-115.7982841432699,14951.263023019768,2.414692482296533,0.2633705907165982
343,SUCCESS,37.37313148987258,-115.78927989103455,16079.043313150294,2.40212448295995,0.11556226514917603
344,SUCCESS,37.358121952706284,-115.80533062643615,15984.258852499537,2.4107066310975114,0.1119331828595713
347,SUCCESS,37.36484820696906,-115.80815185621269,14902.790848734789,2.390874622184794,0.172464228511099
348,SUCCESS,37.360896609540426,-115.80101297365042,15019.104263814166,2.392548523696073,0.39284940345997005
349,SUCCESS,37.36443828434711,-115.8107992023986,15007.448085899465,2.3841160437981315,0.3590323838842202
346,SUCCESS,37.35216530402799,-115.807559269259,16248.931256696582,2.3995564046322846,0.17586798938032303
350,SUCCESS,37.376014162210474,-115.79291376191243,14959.269125644118,2.416973643699413,0.3811208344052966
351,SUCCESS,37.34801551060314,-115.79628548480113,15020.851232133806,2.389213466895039,0.5402732057655465
353,SUCCESS,37.34469001573152,-115.80242486278638,14989.365861008875,2.3837094826922787,0.23383820509570302
354,SUCCESS,37.347651990201754,-115.81073146859161,15348.18321001809,2.4023842103712902,0.19594568378065091
355,SUCCESS,37.36060798913122,-115.81567693449342,14896.678761613555,2.397269571380364,0.37384944958754773
356,SUCCESS,37.34538630775994,-115.78698308643331,15058.095667765476,2.3841736579297916,0.1912968887548368
357,SUCCESS,37.3533230575066,-115.78910067651246,15130.197829117067,2.390436785597563,0.24289743980610629
352,SUCCESS,37.36304750606666,-115.78352646958531,16337.593167832121,2.401726195664501,0.1473987993248874
358,SUCCESS,37.360428656081105,-115.81015589071012,16360.268856744282,2.3912393804196284,0.08376180550969692
359,SUCCESS,37.367938163341755,-115.81552666484062,16222.573589829728,2.4036676094588767,0.10627103904284792
361,SUCCESS,37.36272576122256,-115.78823629219198,14976.93260644842,2.403314436304174,0.282775541691284
362,SUCCESS,37.35192673639119,-115.79766774486586,15105.322985737585,2.3998835117899215,0.13574066995307765
363,SUCCESS,37.358487276895566,-115.79636094872967,14998.319273090921,2.40314508968739,0.3449609360026493
364,SUCCESS,37.3515238353051,-115.7806092404616,14936.080505765975,2.3911276031672686,0.2226650436256973
366,SUCCESS,37.36205033743671,-115.80245539187104,14936.627857885323,2.398395632964064,0.325224237886156
360,SUCCESS,37.35670740052897,-115.80965651350456,16253.945938238874,2.4070528535153177,0.0940506038314621
365,SUCCESS,37.376181299910286,-115.80468608052689,16285.249431074597,2.4016792113468806,0.12540145446760512
367,SUCCESS,37.358309226898854,-115.80920523693909,16103.986612100154,2.398030702569931,0.09231962985422992
370,SUCCESS,37.3611707143765,-115.79749499430652,14897.803609772585,2.3857944256207357,0.5239286990187051
368,SUCCESS,37.35006482594967,-115.78854672023671,16141.328732018359,2.4019408637097155,0.1750510067668829
371,SUCCESS,37.362149689982964,-115.79306417137639,15255.651009883732,2.407799088849259,0.18147546635432502
369,SUCCESS,37.362920752190384,-115.8011084832365,16326.360292550176,2.386799462193193,0.08726362917395884
374,SUCCESS,37.36878089071532,-115.80768865831824,15025.983972704038,2.398783101405909,0.26924209253030607
375,SUCCESS,37.3595241130432,-115.80145684390703,15067.762128622271,2.399489445230269,0.29832161613561425
376,SUCCESS,37.363071809628494,-115.79147970410503,15061.066573747434,2.413075551563283,0.4183565656398357
372,SUCCESS,37.36515395446111,-115.7948191039254,16077.846129341982,2.394513263868499,0.10809689046426205
377,SUCCESS,37.35943236962664,-115.80229464969418,14948.204012464732,2.4005686740802172,0.3409604466222281
373,SUCCESS,37.36246720353335,-115.80311524558913,16462.807780320756,2.4073072481877174,0.155700280511761
378,SUCCESS,37.36587392801503,-115.78648960717233,15154.002757962793,2.394256361504252,0.3137348632686942
379,SUCCESS,37.36672377032519,-115.77348495549141,15038.518917269073,2.3954080572148118,0.2614511440000502
380,SUCCESS,37.34042281377155,-115.7998665173061,14962.825897111557,2.4060184730033805,0.29791386684606797
381,SUCCESS,37.35945671628866,-115.80695329965897,15344.73000909295,2.385785905372161,0.2639854148354588
382,SUCCESS,37.35580156784574,-115.79710406909734,15288.786387808621,2.3921736852622617,0.4489585432238185
384,SUCCESS,37.363493975384124,-115.77947832822227,15127.772010789253,2.3930316102991798,0.16996805508915938
383,SUCCESS,37.366704572660126,-115.77597252960719,15196.200589366257,2.3860607583969826,0.3362586695171903
386,SUCCESS,37.35026882953972,-115.79161651166268,15052.443464333192,2.395932817880684,0.3443641376688663
387,SUCCESS,37.375700550009,-115.79784358032126,15171.202801712789,2.3866417699913858,0.3068635484757205
389,SUCCESS,37.35130178638003,-115.79845604696015,15159.681486996822,2.4032240446175357,0.29155534762240715
388,SUCCESS,37.359901930844096,-115.79376741918004,14940.668285110034,2.4005269452033304,0.2815072746544081
390,SUCCESS,37.36294299128421,-115.78471464221226,15037.025771326385,2.401471683451187,0.4338981143697793
392,SUCCESS,37.3526386822179,-115.801243984001,15131.941545485519,2.406471475710067,0.5228922785370548
393,SUCCESS,37.349072983663966,-115.79385606719751,14991.160737498663,2.396326346161471,0.30068673487353403
394,SUCCESS,37.36556749006176,-115.78048300549841,15250.96229333058,2.4316650838076836,0.3074843069199001
395,SUCCESS,37.35610084965749,-115.80217670965892,15109.857015018351,2.386353746240121,0.264128855475122
385,SUCCESS,37.362529967008065,-115.8071144249196,16019.362283128314,2.39791336341167,0.23600661497451675
396,SUCCESS,37.34700747500467,-115.7934418430295,14862.879363521934,2.3907367124926178,0.3743488719069741
398,SUCCESS,37.34891868539493,-115.79900908180298,14950.822410736233,2.3818919778187775,0.30658636354246377
397,SUCCESS,37.34991474836503,-115.80037945518704,15018.324902012944,2.3962049919176893,0.14453989153846727
391,SUCCESS,37.36644416111246,-115.80668987014113,16184.149541418068,2.4136610732965886,0.08449767210722986
401,SUCCESS,37.35788855950081,-115.77724969396587,15257.589049475268,2.391236046825284,0.30457384940480364
400,SUCCESS,37.3561600905411,-115.80190821919878,15079.346933947876,2.388694294865651,0.32902489264013546
399,SUCCESS,37.366340793422786,-115.78767405776927,15047.387697760947,2.4149577049508943,0.25807198534082243
402,SUCCESS,37.36986816853602,-115.80649718715105,15006.620565683581,2.3996627899356335,0.19877611558118263
403,SUCCESS,37.348007506055545,-115.80729989507246,15004.626871662214,2.403228244978843,0.24464717616317047
404,SUCCESS,37.37272990946529,-115.80576731600058,15157.377669496462,2.3881730910819257,0.3606865954261132
406,SUCCESS,37.36491951111984,-115.79559906124398,15215.4301853152,2.400848105922306,0.2837963029850378
408,SUCCESS,37.35000351999509,-115.77709565923358,14967.55303091649,2.412788187122039,0.42688427767331855
409,SUCCESS,37.36277987089317,-115.79594344290844,15111.082124182023,2.4028037731877565,0.2725166254331275
410,SUCCESS,37.34655938071336,-115.80069043218136,15105.59226117935,2.4030388895663735,0.7173263320139552
411,SUCCESS,37.35209972952349,-115.79774710466882,15192.481324121356,2.4036474717881813,0.2923539566909996
412,SUCCESS,37.366386474360546,-115.79152027231162,15040.348208447918,2.400809291514106,0.26472335969825866
413,SUCCESS,37.35141840322148,-115.8165663962315,15277.70659392327,2.388506016164941,0.16417412297866413
405,SUCCESS,37.344904408901535,-115.80565783090248,16379.437134736218,2.389411721871703,0.1712565984661257
407,SUCCESS,37.352047298096664,-115.80227984166403,16350.63867398724,2.400127183712944,0.15192461018974093
415,SUCCESS,37.36636780515327,-115.80304263604755,14981.971617708914,2.396083675358328,0.29153110516311787
416,SUCCESS,37.351367902460986,-115.79920646978043,15004.211535288952,2.3863062677765505,0.2645128706899199
417,SUCCESS,37.353271468489474,-115.79194913717141,15003.352234450169,2.400765845800913,0.2283811703911571
418,SUCCESS,37.355350168633855,-115.79074674139554,14968.647223265842,2.3894350161751543,0.40551408499564884
419,SUCCESS,37.34922142438839,-115.81111133574117,15090.62062171381,2.4085987845713097,0.34093592240488013
420,SUCCESS,37.35187997090252,-115.80741581859857,14975.516344586387,2.395146091478456,0.14613982303797374
421,SUCCESS,37.36752746124545,-115.80679276245642,15179.167642517015,2.410060860264942,0.37382452797698207
422,SUCCESS,37.354219744267304,-115.79730977278756,15007.039898932911,2.393103749016925,0.2978481579132288
423,SUCCESS,37.355791944686,-115.77195562588825,14798.618997019716,2.402800932081391,0.3623233379700031
424,SUCCESS,37.359618643167806,-115.80856481143094,15346.713315146044,2.398528322896346,0.26252829976574243
426,SUCCESS,37.35832788275381,-115.79296313797423,15135.866079652682,2.397644197065908,0.2952481129833091
414,SUCCESS,37.35127276126017,-115.7978709974177,16172.629616907798,2.4007604682321317,0.23795665970098429
425,SUCCESS,37.35869293498921,-115.78865413547078,16285.8050847603,2.391916281477997,0.1858120316088921
429,SUCCESS,37.36186696501203,-115.80595003878423,14872.633988088928,2.385832902800912,0.3797899008901458
427,SUCCESS,37.34911896009308,-115.80531608137149,16413.613916346803,2.4001932965570263,0.1946605149083714
428,SUCCESS,37.36605077904015,-115.80521155657648,16208.341200035065,2.401994039270254,0.09033719099166748
430,SUCCESS,37.36535924053299,-115.80085760388128,14961.670855725184,2.4047423120424325,0.5634119685673957
431,SUCCESS,37.37605023571763,-115.8002836074135,15154.598480412737,2.3996148725849893,0.7474224305686115
434,SUCCESS,37.35740138117402,-115.8073041740011,14975.38096669875,2.386417296672011,0.23944159468896015
432,SUCCESS,37.360430961641214,-115.79743299662475,15930.703834595159,2.401868772273349,0.20624023771923392
433,SUCCESS,37.36632139807021,-115.79671493558143,16189.300923150033,2.391787584694408,0.08262256054633356
435,SUCCESS,37.351387623636136,-115.79635851943677,16087.493679814972,2.391148728146954,0.1910483870835791
437,SUCCESS,37.34938953421054,-115.78319373098603,15067.254479611292,2.3767301841468007,0.2386360618048947
438,SUCCESS,37.37420855615444,-115.80479300583977,15210.30281932652,2.3960718887015067,0.30330476793752287
439,SUCCESS,37.362794958605036,-115.78007914469089,15158.069697250612,2.4113941285849965,0.35036354288322763
440,SUCCESS,37.343950211921566,-115.7918110419884,15147.747651590034,2.396797454693617,0.26808515949720535
441,SUCCESS,37.35591606505686,-115.78446252292534,15223.377017319202,2.399186539758327,0.25809099055561563
442,SUCCESS,37.368003198377295,-115.793531747481,15058.576563894749,2.387369487391389,0.19741740972764096
443,SUCCESS,37.35989904889705,-115.79230689450686,15225.559179656208,2.4043673466245137,0.2651062665880838
444,SUCCESS,37.37242554312243,-115.80775376192446,15113.791772032157,2.403574399244299,0.302419928816796
446,SUCCESS,37.354453474890285,-115.77340437703207,15170.450160114095,2.3953240493282033,0.28094651614298566
447,SUCCESS,37.38220122525249,-115.7926242856554,14913.46760867443,2.3924298476043004,0.4227151872104431
436,SUCCESS,37.359987282467884,-115.80136567486585,15837.27975193318,2.407820550580197,0.10362621775309737
448,SUCCESS,37.369803031350145,-115.79816915918445,15057.638764210977,2.412858230226769,0.7015069135596875
449,SUCCESS,37.35503218311419,-115.79572806555035,15221.69393583294,2.4149062682960674,0.33259201606299205
450,SUCCESS,37.34279021621415,-115.79536653248849,15134.62916835025,2.4058975184780267,0.3738324239519841
451,SUCCESS,37.35090482530582,-115.79068638851126,15164.202942776494,2.4069012818703373,0.3214216915335422
452,SUCCESS,37.36165685600411,-115.78781778296778,15067.761675332673,2.39817579119255,0.3844951762586692
453,SUCCESS,37.36478638111365,-115.79525147710547,15105.299684734084,2.400563704584268,0.2799677817817197
454,SUCCESS,37.34743922535888,-115.78283171142225,15073.696369941346,2.412049592677852,0.40578480174774717
455,SUCCESS,37.36983770145188,-115.79908343547636,15232.13388408348,2.382187448209984,0.2701458241918827
456,SUCCESS,37.33922899286943,-115.81013613158306,14993.63252919633,2.3933187149953743,0.14467829851974573
445,SUCCESS,37.35349218960459,-115.80285673049498,16463.91414783057,2.394330007544647,0.2727608138767326
457,SUCCESS,37.36437313748359,-115.79318261980649,15095.448177909479,2.394522058259192,0.220831759870494
458,SUCCESS,37.347882861957714,-115.8045660234379,15048.312778274529,2.3961593265535135,0.2261373046957464
459,SUCCESS,37.34297919445635,-115.78643209187983,14779.783104234375,2.4076138778597893,0.36012194053462976
460,SUCCESS,37.35066418388247,-115.7942328053749,15155.07593404036,2.4035142099495683,0.2529613763356715
461,SUCCESS,37.349354571074514,-115.79943222830039,15093.759945508093,2.4038522630181633,0.26108937306895164
462,SUCCESS,37.37714312308224,-115.79266148392533,15078.173874510452,2.4068300742148723,0.14768961711319778
463,SUCCESS,37.36031157942888,-115.80334523766744,15132.528167120181,2.4043521130188927,0.27398033809458633
465,SUCCESS,37.371644540444,-115.81762406498389,15092.860018855892,2.404059705384913,0.34718563535729785
464,SUCCESS,37.36673948390931,-115.81124803712463,15340.423095332459,2.3903949214332885,0.2591593768760007
466,SUCCESS,37.35976713733424,-115.80646286181945,14870.15580162406,2.3840832098548583,0.29357541710325824
467,SUCCESS,37.357709928120556,-115.78929522197056,15184.836757584475,2.4025983469299894,0.29142058141036137
468,SUCCESS,37.34313014001309,-115.82255587682737,14990.681250373833,2.4010591018188725,0.3699518178895212
469,SUCCESS,37.33931485112916,-115.8166646393331,15091.737410625443,2.3945272301100773,0.30040064027468405
471,SUCCESS,37.365879371939634,-115.79358685181259,15190.379706140608,2.3825233241373667,0.2984013481994573
472,SUCCESS,37.35844900478996,-115.7993226766588,15093.540881755762,2.411110450574554,0.15768339589885025
474,SUCCESS,37.37060969650504,-115.79738880783474,15025.710783720948,2.410430074550118,0.21171751942910108
473,SUCCESS,37.361520653945306,-115.80046931314176,15063.015804467723,2.4007798784961496,0.24553802168464758
475,SUCCESS,37.37037271871916,-115.8015141927249,15085.58555826731,2.3784856271785837,0.26488332828491784
476,SUCCESS,37.350713429685236,-115.7790832993243,15330.436804912984,2.3891531463755915,0.2725308606321333
478,SUCCESS,37.33559178029531,-115.8072983170142,14946.483544399962,2.4007542809407725,0.3138240768530703
479,SUCCESS,37.35555239278727,-115.80304928094549,15383.71663477458,2.380086647537743,0.2779062409990704
480,SUCCESS,37.34600701309032,-115.79181967847632,15042.87124793604,2.3962525195375926,0.3079268468422055
481,SUCCESS,37.361353693020405,-115.78987934377412,15227.870238738135,2.3916518404196365,0.2748277260926032
470,SUCCESS,37.35839287150977,-115.78436531846447,16526.95535927359,2.4005067556066546,0.08337356271047905
482,SUCCESS,37.378174576935194,-115.78361617828253,15223.99366856832,2.4087744692270534,0.6094181212106861
483,SUCCESS,37.35816662890184,-115.77890255827745,15084.690915009007,2.4116254906149415,0.7455761086864249
484,SUCCESS,37.36106885668732,-115.7729164909087,15102.317065649666,2.416942508655594,0.2911923908631619
486,SUCCESS,37.37260084367403,-115.81602705323361,15114.598578211851,2.3983851135808982,0.19623362757321092
477,SUCCESS,37.36502156059947,-115.81482657696124,16084.716542649083,2.401537965692864,0.08997917420048797
487,SUCCESS,37.359330948901736,-115.79926547919338,14981.135724774562,2.387285309047474,0.2395096274419335
489,SUCCESS,37.36322357008105,-115.77872004736683,15008.477320715785,2.414562741868042,0.2279655074355479
490,SUCCESS,37.36673406276878,-115.78611426084647,15095.337470848113,2.3893804223749737,0.2678968760880616
491,SUCCESS,37.35086245321772,-115.80757780113413,15212.931399201974,2.4072749467479793,0.3210871184072014
485,SUCCESS,37.3540098123275,-115.79083031249705,16260.343060496263,2.397334947753959,0.08354424382852743
492,SUCCESS,37.3622260874567,-115.80476059980764,14973.207427934743,2.4206122774338223,0.28745755212065893
493,SUCCESS,37.356730338429266,-115.79264061005684,15167.129756073467,2.388230065989399,0.43801422770935633
494,SUCCESS,37.360988997508635,-115.79471877304265,15143.56658648327,2.3893773831987235,0.2549848551116456
495,SUCCESS,37.34526031168809,-115.79267139068843,15183.266919621266,2.401247927530285,0.2913237884326878
488,SUCCESS,37.34973154476143,-115.78319695871367,16061.105817293748,2.421831903084576,0.18866294725274677
496,SUCCESS,37.34279418618988,-115.78741883425803,15011.2328960374,2.398941186584289,0.7358485786412216
497,SUCCESS,37.35605083114507,-115.81803947207702,15269.918712804094,2.4018470174889663,0.27008268985492523
498,SUCCESS,37.35324122579164,-115.80090950512547,15119.756357286125,2.417444700055403,0.36068397790345613
499,SUCCESS,37.339588595948634,-115.79684283578761,15177.773402668536,2.401337834187936,0.26789447066584715
